,maximum,minimum,mean,std,index
0,70354.0,36412.0,54041.63333333333,9972.25095446807,9
