,maximum,minimum,mean,std,index
0,50380.0,25607.0,28852.566666666666,6373.642855193225,21
