,maximum,minimum,mean,std,index
0,87494.0,60440.0,72398.56666666667,7276.530627908431,21
