,maximum,minimum,mean,std,index
0,148,7,111.86666666666666,31.62144138959445,0
