,maximum,minimum,mean,std,index
0,149,78,127.23333333333333,18.452973262382944,6
