,maximum,minimum,mean,std,index
0,149,84,121.63333333333334,19.20500513465751,11
