,maximum,minimum,mean,std,index
0,147,2,112.73333333333333,38.70050243716338,12
