,maximum,minimum,mean,std,index
0,148,54,120.13333333333334,24.267582400304185,3
