,maximum,minimum,mean,std,index
0,91454.0,51312.0,74759.13333333333,9836.078028473674,27
