,maximum,minimum,mean,std,index
0,148,59,125.96666666666667,21.163621828243127,6
