,maximum,minimum,mean,std,index
0,149,95,130.43333333333334,14.698488206463832,2
