,maximum,minimum,mean,std,index
0,149,60,121.56666666666666,23.936977438450512,26
