,maximum,minimum,mean,std,index
0,148,20,119.53333333333333,31.457625819858393,10
