,maximum,minimum,mean,std,index
0,149,75,129.26666666666668,15.506844366995399,0
