,maximum,minimum,mean,std,index
0,149,95,131.23333333333332,15.063605883792398,13
