,maximum,minimum,mean,std,index
0,47447.0,25493.0,30214.066666666666,6886.913885204483,5
