,maximum,minimum,mean,std,index
0,67453.0,34518.0,52461.333333333336,10055.574196545025,20
