,maximum,minimum,mean,std,index
0,87478.0,62444.0,73100.03333333334,6766.470298382178,11
