,maximum,minimum,mean,std,index
0,149,91,125.26666666666667,16.08919582273216,5
