,maximum,minimum,mean,std,index
0,149,89,126.76666666666667,14.952554594078205,7
