,maximum,minimum,mean,std,index
0,92418.0,53309.0,71963.63333333333,9120.744010161077,28
