,maximum,minimum,mean,std,index
0,100417.0,53596.0,75649.96666666666,9399.494197325512,22
